{
  "total_iterations": 400,
  "sessions": [
    {
      "session_number": 1,
      "iterations": [
        815.700348008424,
        814.954230748117,
        812.4760529994965,
        812.4389734044671,
        810.5397266596556,
        809.1424266435206,
        808.1398777887225,
        806.2404082790017,
        805.0501747429371,
        803.7005980275571,
        801.9131828024983,
        800.865413941443,
        800.9623320139945,
        798.0962768867612,
        797.5691384747624,
        796.9220210649073,
        795.8882872834802,
        794.3421716466546,
        792.8495463840663,
        791.3762559704483,
        791.3619848527014,
        789.2670314833522,
        789.388095010072,
        787.2959323748946,
        786.6656738109887,
        786.1069691553712,
        785.48200648278,
        784.3612116612494,
        781.9752677828074,
        781.2830565795302,
        780.7628231048584,
        780.2252400889993,
        778.6771314963698,
        777.2580085732043,
        777.4967382289469,
        775.4006987810135,
        776.0238474570215,
        774.9728432893753,
        773.8584138862789,
        773.6355600208044,
        772.3814436979592,
        771.4099881835282,
        770.9819249510765,
        769.182464260608,
        769.4262151960284,
        767.3504783436656,
        767.312081977725,
        766.35076039657,
        765.890458971262,
        765.496438819915,
        764.5230266675353,
        764.5700301043689,
        763.8129444867373,
        763.095477193594,
        761.0517832189798,
        761.4509433582425,
        761.1744344010949,
        759.6896932628006,
        757.765166696161,
        758.9191313311458,
        757.0573824420571,
        756.897003158927,
        756.4661753214896,
        755.1498542688787,
        754.8947909474373,
        754.3012684620917,
        754.2218082696199,
        753.4771867133677,
        753.0854982919991,
        752.1461445018649,
        753.0308561585844,
        751.1253479085863,
        750.3638533614576,
        749.8723502382636,
        749.6139787733555,
        749.2011623010039,
        748.1234157346189,
        747.8651275802404,
        747.364125199616,
        747.055575914681,
        745.4969466030598,
        745.6573136411607,
        744.8967572636902,
        744.9285726100206,
        744.3897008560598,
        743.8620647527277,
        742.4223693870008,
        742.9675910547376,
        742.7323166318238,
        742.4849141277373,
        741.4619699679315,
        740.3681840263307,
        740.1385088823736,
        740.528695281595,
        739.3617442175746,
        738.7472810819745,
        738.7117792312056,
        738.727144960314,
        738.4262882173061,
        737.0830741636455
      ],
      "final_loss": 737.0830741636455
    },
    {
      "session_number": 2,
      "iterations": [
        736.9829110912979,
        736.3719539679587,
        735.9574589431286,
        735.7402718551457,
        734.7902012467384,
        734.120007628575,
        733.5918719954789,
        734.1869823522866,
        733.6283659338951,
        733.7393412068486,
        732.9626124724746,
        733.1814190372825,
        732.4539579171687,
        732.7082060240209,
        731.4301029741764,
        730.4749048631638,
        730.639692556113,
        730.0375159420073,
        730.2754949852824,
        729.8670374825597,
        728.10326031968,
        728.3872899524868,
        729.386115802452,
        729.0481757447124,
        728.3938191495836,
        727.1468017213047,
        727.8899689093232,
        727.1827281676233,
        726.3824994117022,
        726.2438739351928,
        726.3316400423646,
        725.8539748340845,
        725.3694217745215,
        724.94872180745,
        724.6206963416189,
        723.6272260844707,
        725.1066629514098,
        722.9971465170383,
        723.0248417630792,
        723.6919517442584,
        723.7073691822588,
        721.5759423077106,
        722.5987415704876,
        721.5014421753585,
        721.9841634258628,
        721.2665975894779,
        721.1904195174575,
        720.8148734010756,
        720.0236624740064,
        720.1117403879762,
        719.4760328233242,
        719.3379907738417,
        719.1839292477816,
        719.2948589548469,
        718.3386085759848,
        718.1613587252796,
        718.0145582556725,
        717.4964838027954,
        717.622300490737,
        716.9923967309296,
        717.440067384392,
        716.914760587737,
        717.1819569021463,
        715.7428900338709,
        716.0445826295763,
        715.5417270772159,
        715.5182900391519,
        716.2804920896888,
        715.649445220828,
        714.7155634593219,
        715.3781854659319,
        714.7504967171699,
        714.1905135009438,
        713.5226466394961,
        713.6158272530884,
        712.8435050845146,
        713.5917430222034,
        712.8700786270201,
        712.1212244853377,
        711.6419669743627,
        712.7532398253679,
        710.5806133691221,
        710.8531678952277,
        711.3419551253319,
        711.8261253014207,
        710.3656990937889,
        709.965100735426,
        710.1183637809008,
        709.2252080030739,
        710.0858101211488,
        708.8059166744351,
        710.1292766407132,
        709.7675358206034,
        709.7516586445272,
        709.7791117355227,
        708.7646917998791,
        708.4271058160812,
        707.821442687884,
        708.2706784401089,
        708.0528410300612
      ],
      "final_loss": 708.0528410300612
    },
    {
      "session_number": 3,